save,physical_time_s,physical_time_us,metric,units,C1_value,C2_value,C2_minus_C1,relative_difference,classification,note
1,5e-08,0.049999999999999996,runtime_t_step_at_save,unavailable: run_time.inf time/dt are precision-limited to zero,nan,nan,nan,nan,unavailable,per-save timestep/dt unavailable from precision-limited run_time.inf
1,5e-08,0.049999999999999996,runtime_dt_s_at_save,unavailable: run_time.inf time/dt are precision-limited to zero,nan,nan,nan,nan,unavailable,per-save timestep/dt unavailable from precision-limited run_time.inf
1,5e-08,0.049999999999999996,valid_gas_Tmax,K,2148.964025097545,2148.702750635164,-0.2612744623806975,-0.00012158158970057112,small-to-moderate,
1,5e-08,0.049999999999999996,valid_gas_T999,K,1356.6716388220154,1356.6666143817456,-0.005024440269835395,-3.70350505314467e-06,small,
1,5e-08,0.049999999999999996,valid_gas_T95,K,1269.1067491828453,1269.1067491828453,0.0,0.0,roundoff-level,
1,5e-08,0.049999999999999996,valid_gas_Tmean,K,723.8738332268051,723.873547480645,-0.00028574616010246245,-3.947458065015207e-07,small,
1,5e-08,0.049999999999999996,valid_gas_cell_count,cells,41047.0,41047.0,0.0,0.0,roundoff-level,
1,5e-08,0.049999999999999996,vaporized_fuel_mass_proxy_vapor_alpha_rho_integral,kg/m-depth proxy,7.45973735069601e-09,7.459721787571162e-09,-1.5563124847476228e-14,-2.0862832182723102e-06,roundoff-level,
1,5e-08,0.049999999999999996,liquid_alpha_area,m2,7.867854819284907e-09,7.867854819284907e-09,0.0,0.0,roundoff-level,
1,5e-08,0.049999999999999996,equivalent_diameter_m,m,0.00010008828047353331,0.00010008828047353331,0.0,0.0,roundoff-level,
1,5e-08,0.049999999999999996,D2_m2,m2,1.0017663888148669e-08,1.0017663888148669e-08,0.0,0.0,roundoff-level,
1,5e-08,0.049999999999999996,liquid_centroid_x,m,0.0005023515047281643,0.0005023515066410253,1.9128610371024757e-12,3.807813889474812e-09,small,
1,5e-08,0.049999999999999996,liquid_centroid_y,m,0.0003023255813953038,0.00030232558139530385,5.421010862427522e-20,1.793103592957063e-16,roundoff-level,
1,5e-08,0.049999999999999996,liquid_streamwise_extent_m,m,9.813084112000002e-05,9.813084112000002e-05,0.0,0.0,roundoff-level,
1,5e-08,0.049999999999999996,liquid_cross_stream_extent_m,m,9.302325581e-05,9.302325581e-05,0.0,0.0,roundoff-level,
1,5e-08,0.049999999999999996,negative_rhoY_count,count,0.0,0.0,0.0,nan,roundoff-level,
1,5e-08,0.049999999999999996,negative_Y_count,count,0.0,0.0,0.0,nan,roundoff-level,
1,5e-08,0.049999999999999996,Y_above_one_count,count,0.0,0.0,0.0,nan,roundoff-level,
1,5e-08,0.049999999999999996,sumY_violation_count,count,0.0,0.0,0.0,nan,roundoff-level,
1,5e-08,0.049999999999999996,max_abs_sumY_minus_1,dimensionless,3.219646771412954e-14,5.595524044110789e-14,2.375877272697835e-14,0.7379310344827587,roundoff-level,
1,5e-08,0.049999999999999996,gas_species_mass_relative_error,dimensionless,-1.558059644026657e-15,-1.5580596663927722e-15,-2.236611511476064e-23,1.4355108419955954e-08,roundoff-level,
1,5e-08,0.049999999999999996,run_time_seconds_final,"s, run-level",6288.0,8581.0,2293.0,0.36466284987277353,meaningful,
1,5e-08,0.049999999999999996,cost_seconds_per_timestep,"s/step, run-level",1.9823455233291298,2.7052332912988653,0.7228877679697354,0.36466284987277364,meaningful,
1,5e-08,0.049999999999999996,rhoY_NC12H26_integral,kg/m-depth,2.521846592715652e-11,2.4602151354883064e-11,-6.163145722734572e-13,-0.024439019171653042,roundoff-level,
1,5e-08,0.049999999999999996,rhoY_NC12H26_max_valid_gas,kg/m3,0.08842305043383,0.08840617208343,-1.6878350399998632e-05,-0.0001908817928943684,small-to-moderate,
1,5e-08,0.049999999999999996,rhoY_NC12H26_min_valid_gas,kg/m3,0.0,0.0,0.0,nan,roundoff-level,
1,5e-08,0.049999999999999996,Y_NC12H26_max_valid_gas,mass fraction,0.06566216382454841,0.06560745189766723,-5.471192688118187e-05,-0.0008332336873237081,small-to-moderate,
1,5e-08,0.049999999999999996,Y_NC12H26_min_valid_gas,mass fraction,0.0,0.0,0.0,nan,roundoff-level,
1,5e-08,0.049999999999999996,rhoY_O2_integral,kg/m-depth,2.848998351002828e-07,2.848998334878155e-07,-1.612467346111772e-15,-5.659769320484845e-09,roundoff-level,
1,5e-08,0.049999999999999996,rhoY_O2_max_valid_gas,kg/m3,1.79922374291006,1.79889428106037,-0.0003294618496898494,-0.0001831133292833156,small-to-moderate,
1,5e-08,0.049999999999999996,rhoY_O2_min_valid_gas,kg/m3,0.16965103705808,0.16965103179669,-5.261389990351972e-09,-3.10130140174194e-08,small,
1,5e-08,0.049999999999999996,Y_O2_max_valid_gas,mass fraction,0.23290921795843236,0.23290921795843272,3.608224830031759e-16,1.5491979500251998e-15,roundoff-level,
1,5e-08,0.049999999999999996,Y_O2_min_valid_gas,mass fraction,0.21761428609901332,0.21762703026354083,1.2744164527511703e-05,5.856308772721465e-05,small,
1,5e-08,0.049999999999999996,rhoY_OH_integral,kg/m-depth,0.0,3.7782420389696437e-16,3.7782420389696437e-16,nan,roundoff-level,
1,5e-08,0.049999999999999996,rhoY_OH_max_valid_gas,kg/m3,0.0,3.536466e-06,3.536466e-06,nan,small-to-moderate,
1,5e-08,0.049999999999999996,rhoY_OH_min_valid_gas,kg/m3,0.0,0.0,0.0,nan,roundoff-level,
1,5e-08,0.049999999999999996,Y_OH_max_valid_gas,mass fraction,0.0,5.517161929943463e-07,5.517161929943463e-07,nan,small-to-moderate,
1,5e-08,0.049999999999999996,Y_OH_min_valid_gas,mass fraction,0.0,0.0,0.0,nan,roundoff-level,
1,5e-08,0.049999999999999996,rhoY_HO2_integral,kg/m-depth,0.0,8.145111181125631e-16,8.145111181125631e-16,nan,roundoff-level,
1,5e-08,0.049999999999999996,rhoY_HO2_max_valid_gas,kg/m3,0.0,6.50625688e-06,6.50625688e-06,nan,small-to-moderate,
1,5e-08,0.049999999999999996,rhoY_HO2_min_valid_gas,kg/m3,0.0,0.0,0.0,nan,roundoff-level,
1,5e-08,0.049999999999999996,Y_HO2_max_valid_gas,mass fraction,0.0,1.0150266612140125e-06,1.0150266612140125e-06,nan,small-to-moderate,
1,5e-08,0.049999999999999996,Y_HO2_min_valid_gas,mass fraction,0.0,0.0,0.0,nan,roundoff-level,
1,5e-08,0.049999999999999996,rhoY_H2O2_integral,kg/m-depth,0.0,1.0777483162841009e-19,1.0777483162841009e-19,nan,roundoff-level,
1,5e-08,0.049999999999999996,rhoY_H2O2_max_valid_gas,kg/m3,0.0,1.6317e-09,1.6317e-09,nan,small-to-moderate,
1,5e-08,0.049999999999999996,rhoY_H2O2_min_valid_gas,kg/m3,0.0,0.0,0.0,nan,roundoff-level,
1,5e-08,0.049999999999999996,Y_H2O2_max_valid_gas,mass fraction,0.0,2.0927722754233395e-10,2.0927722754233395e-10,nan,small-to-moderate,
1,5e-08,0.049999999999999996,Y_H2O2_min_valid_gas,mass fraction,0.0,0.0,0.0,nan,roundoff-level,
1,5e-08,0.049999999999999996,rhoY_H2O_integral,kg/m-depth,0.0,4.0535383638606046e-19,4.0535383638606046e-19,nan,roundoff-level,
1,5e-08,0.049999999999999996,rhoY_H2O_max_valid_gas,kg/m3,0.0,4.30807e-09,4.30807e-09,nan,small-to-moderate,
1,5e-08,0.049999999999999996,rhoY_H2O_min_valid_gas,kg/m3,0.0,0.0,0.0,nan,roundoff-level,
1,5e-08,0.049999999999999996,Y_H2O_max_valid_gas,mass fraction,0.0,6.72092416427347e-10,6.72092416427347e-10,nan,small-to-moderate,
1,5e-08,0.049999999999999996,Y_H2O_min_valid_gas,mass fraction,0.0,0.0,0.0,nan,roundoff-level,
1,5e-08,0.049999999999999996,rhoY_CO_integral,kg/m-depth,0.0,1.8921712683457482e-19,1.8921712683457482e-19,nan,roundoff-level,
1,5e-08,0.049999999999999996,rhoY_CO_max_valid_gas,kg/m3,0.0,3.03468e-09,3.03468e-09,nan,small-to-moderate,
1,5e-08,0.049999999999999996,rhoY_CO_min_valid_gas,kg/m3,0.0,0.0,0.0,nan,roundoff-level,
1,5e-08,0.049999999999999996,Y_CO_max_valid_gas,mass fraction,0.0,4.734336754703942e-10,4.734336754703942e-10,nan,small-to-moderate,
1,5e-08,0.049999999999999996,Y_CO_min_valid_gas,mass fraction,0.0,0.0,0.0,nan,roundoff-level,
1,5e-08,0.049999999999999996,rhoY_CO2_integral,kg/m-depth,0.0,1.2677461429670423e-20,1.2677461429670423e-20,nan,roundoff-level,
1,5e-08,0.049999999999999996,rhoY_CO2_max_valid_gas,kg/m3,0.0,1.9644e-10,1.9644e-10,nan,small-to-moderate,
1,5e-08,0.049999999999999996,rhoY_CO2_min_valid_gas,kg/m3,0.0,0.0,0.0,nan,roundoff-level,
1,5e-08,0.049999999999999996,Y_CO2_max_valid_gas,mass fraction,0.0,3.064616737494702e-11,3.064616737494702e-11,nan,small-to-moderate,
1,5e-08,0.049999999999999996,Y_CO2_min_valid_gas,mass fraction,0.0,0.0,0.0,nan,roundoff-level,
2,1e-07,0.09999999999999999,runtime_t_step_at_save,unavailable: run_time.inf time/dt are precision-limited to zero,nan,nan,nan,nan,unavailable,per-save timestep/dt unavailable from precision-limited run_time.inf
2,1e-07,0.09999999999999999,runtime_dt_s_at_save,unavailable: run_time.inf time/dt are precision-limited to zero,nan,nan,nan,nan,unavailable,per-save timestep/dt unavailable from precision-limited run_time.inf
2,1e-07,0.09999999999999999,valid_gas_Tmax,K,2049.6989165120426,2049.086796799149,-0.6121197128936728,-0.0002986388429844674,small-to-moderate,
2,1e-07,0.09999999999999999,valid_gas_T999,K,1925.9026084587015,1925.3752231760589,-0.5273852826426264,-0.00027383798138406,small-to-moderate,
2,1e-07,0.09999999999999999,valid_gas_T95,K,1269.1067491828453,1269.1067491828453,0.0,0.0,roundoff-level,
2,1e-07,0.09999999999999999,valid_gas_Tmean,K,754.9758470534103,754.9696827224358,-0.0061643309745704755,-8.164937989247202e-06,small,
2,1e-07,0.09999999999999999,valid_gas_cell_count,cells,41047.0,41047.0,0.0,0.0,roundoff-level,
2,1e-07,0.09999999999999999,vaporized_fuel_mass_proxy_vapor_alpha_rho_integral,kg/m-depth proxy,1.3467596642501659e-08,1.3462358451925744e-08,-5.238190575915275e-12,-0.0003889476879181511,small-to-moderate,
2,1e-07,0.09999999999999999,liquid_alpha_area,m2,7.867854819284907e-09,7.867854819284907e-09,0.0,0.0,roundoff-level,
2,1e-07,0.09999999999999999,equivalent_diameter_m,m,0.00010008828047353331,0.00010008828047353331,0.0,0.0,roundoff-level,
2,1e-07,0.09999999999999999,D2_m2,m2,1.0017663888148669e-08,1.0017663888148669e-08,0.0,0.0,roundoff-level,
2,1e-07,0.09999999999999999,liquid_centroid_x,m,0.0005024970572371298,0.0005024978380155272,7.807783973393448e-10,1.5537969548165796e-06,small,
2,1e-07,0.09999999999999999,liquid_centroid_y,m,0.00030232558139530456,0.00030232558139530916,4.607859233063394e-18,1.5241380540134997e-14,roundoff-level,
2,1e-07,0.09999999999999999,liquid_streamwise_extent_m,m,9.813084112000002e-05,9.813084112000002e-05,0.0,0.0,roundoff-level,
2,1e-07,0.09999999999999999,liquid_cross_stream_extent_m,m,9.302325581e-05,9.302325581e-05,0.0,0.0,roundoff-level,
2,1e-07,0.09999999999999999,negative_rhoY_count,count,0.0,0.0,0.0,nan,roundoff-level,
2,1e-07,0.09999999999999999,negative_Y_count,count,0.0,0.0,0.0,nan,roundoff-level,
2,1e-07,0.09999999999999999,Y_above_one_count,count,0.0,0.0,0.0,nan,roundoff-level,
2,1e-07,0.09999999999999999,sumY_violation_count,count,0.0,0.0,0.0,nan,roundoff-level,
2,1e-07,0.09999999999999999,max_abs_sumY_minus_1,dimensionless,3.219646771412954e-14,5.362377208939506e-14,2.142730437526552e-14,0.6655172413793103,roundoff-level,
2,1e-07,0.09999999999999999,gas_species_mass_relative_error,dimensionless,-1.2925193707407633e-15,-1.7772232798757236e-15,-4.847039091349602e-16,0.37500707541208356,roundoff-level,
2,1e-07,0.09999999999999999,run_time_seconds_final,"s, run-level",6288.0,8581.0,2293.0,0.36466284987277353,meaningful,
2,1e-07,0.09999999999999999,cost_seconds_per_timestep,"s/step, run-level",1.9823455233291298,2.7052332912988653,0.7228877679697354,0.36466284987277364,meaningful,
2,1e-07,0.09999999999999999,rhoY_NC12H26_integral,kg/m-depth,6.0256413995099e-09,5.928083352048943e-09,-9.755804746095672e-11,-0.0161904834676839,meaningful,
2,1e-07,0.09999999999999999,rhoY_NC12H26_max_valid_gas,kg/m3,19.76309038623731,19.73019133186004,-0.03289905437726759,-0.0016646715536036787,small-to-moderate,
2,1e-07,0.09999999999999999,rhoY_NC12H26_min_valid_gas,kg/m3,0.0,0.0,0.0,nan,roundoff-level,
2,1e-07,0.09999999999999999,Y_NC12H26_max_valid_gas,mass fraction,0.7292846364432495,0.7281490695615813,-0.0011355668816681597,-0.0015570969480535955,small-to-moderate,
2,1e-07,0.09999999999999999,Y_NC12H26_min_valid_gas,mass fraction,0.0,0.0,0.0,nan,roundoff-level,
2,1e-07,0.09999999999999999,rhoY_O2_integral,kg/m-depth,3.040021719804681e-07,3.040015969443658e-07,-5.750361023123835e-13,-1.8915526115034766e-06,roundoff-level,
2,1e-07,0.09999999999999999,rhoY_O2_max_valid_gas,kg/m3,2.39671250946898,2.39899991893325,0.002287409464269974,0.0009543945947763158,small-to-moderate,
2,1e-07,0.09999999999999999,rhoY_O2_min_valid_gas,kg/m3,0.1674796440965,0.16747943097008,-2.1312642001225512e-07,-1.2725511877100355e-06,small,
2,1e-07,0.09999999999999999,Y_O2_max_valid_gas,mass fraction,0.23290922330299593,0.23290922330640842,3.4124925107903437e-12,1.4651598860689897e-11,roundoff-level,
2,1e-07,0.09999999999999999,Y_O2_min_valid_gas,mass fraction,0.06303426222560682,0.06320067291342579,0.00016641068781897417,0.002640003736751472,small-to-moderate,
2,1e-07,0.09999999999999999,rhoY_OH_integral,kg/m-depth,0.0,1.6122087369575142e-13,1.6122087369575142e-13,nan,roundoff-level,
2,1e-07,0.09999999999999999,rhoY_OH_max_valid_gas,kg/m3,0.0,0.0005392525816,0.0005392525816,nan,small-to-moderate,
2,1e-07,0.09999999999999999,rhoY_OH_min_valid_gas,kg/m3,0.0,0.0,0.0,nan,roundoff-level,
2,1e-07,0.09999999999999999,Y_OH_max_valid_gas,mass fraction,0.0,8.786215855542323e-05,8.786215855542323e-05,nan,small-to-moderate,
2,1e-07,0.09999999999999999,Y_OH_min_valid_gas,mass fraction,0.0,0.0,0.0,nan,roundoff-level,
2,1e-07,0.09999999999999999,rhoY_HO2_integral,kg/m-depth,0.0,2.240526300458724e-13,2.240526300458724e-13,nan,roundoff-level,
2,1e-07,0.09999999999999999,rhoY_HO2_max_valid_gas,kg/m3,0.0,0.00058659712132,0.00058659712132,nan,small-to-moderate,
2,1e-07,0.09999999999999999,rhoY_HO2_min_valid_gas,kg/m3,0.0,0.0,0.0,nan,roundoff-level,
2,1e-07,0.09999999999999999,Y_HO2_max_valid_gas,mass fraction,0.0,9.557615677568424e-05,9.557615677568424e-05,nan,small-to-moderate,
2,1e-07,0.09999999999999999,Y_HO2_min_valid_gas,mass fraction,0.0,0.0,0.0,nan,roundoff-level,
2,1e-07,0.09999999999999999,rhoY_H2O2_integral,kg/m-depth,0.0,2.0780000709007895e-16,2.0780000709007895e-16,nan,roundoff-level,
2,1e-07,0.09999999999999999,rhoY_H2O2_max_valid_gas,kg/m3,0.0,1.22318421e-06,1.22318421e-06,nan,small-to-moderate,
2,1e-07,0.09999999999999999,rhoY_H2O2_min_valid_gas,kg/m3,0.0,0.0,0.0,nan,roundoff-level,
2,1e-07,0.09999999999999999,Y_H2O2_max_valid_gas,mass fraction,0.0,1.992973398154801e-07,1.992973398154801e-07,nan,small-to-moderate,
2,1e-07,0.09999999999999999,Y_H2O2_min_valid_gas,mass fraction,0.0,0.0,0.0,nan,roundoff-level,
2,1e-07,0.09999999999999999,rhoY_H2O_integral,kg/m-depth,0.0,1.3489228787946385e-14,1.3489228787946385e-14,nan,roundoff-level,
2,1e-07,0.09999999999999999,rhoY_H2O_max_valid_gas,kg/m3,0.0,6.412412269e-05,6.412412269e-05,nan,small-to-moderate,
2,1e-07,0.09999999999999999,rhoY_H2O_min_valid_gas,kg/m3,0.0,0.0,0.0,nan,roundoff-level,
2,1e-07,0.09999999999999999,Y_H2O_max_valid_gas,mass fraction,0.0,1.0447949675454599e-05,1.0447949675454599e-05,nan,small-to-moderate,
2,1e-07,0.09999999999999999,Y_H2O_min_valid_gas,mass fraction,0.0,0.0,0.0,nan,roundoff-level,
2,1e-07,0.09999999999999999,rhoY_CO_integral,kg/m-depth,0.0,2.0277616001226448e-14,2.0277616001226448e-14,nan,roundoff-level,
2,1e-07,0.09999999999999999,rhoY_CO_max_valid_gas,kg/m3,0.0,0.00010773714746,0.00010773714746,nan,small-to-moderate,
2,1e-07,0.09999999999999999,rhoY_CO_min_valid_gas,kg/m3,0.0,0.0,0.0,nan,roundoff-level,
2,1e-07,0.09999999999999999,Y_CO_max_valid_gas,mass fraction,0.0,1.7553960157878514e-05,1.7553960157878514e-05,nan,small-to-moderate,
2,1e-07,0.09999999999999999,Y_CO_min_valid_gas,mass fraction,0.0,0.0,0.0,nan,roundoff-level,
2,1e-07,0.09999999999999999,rhoY_CO2_integral,kg/m-depth,0.0,1.2675952090395372e-15,1.2675952090395372e-15,nan,roundoff-level,
2,1e-07,0.09999999999999999,rhoY_CO2_max_valid_gas,kg/m3,0.0,6.67018026e-06,6.67018026e-06,nan,small-to-moderate,
2,1e-07,0.09999999999999999,rhoY_CO2_min_valid_gas,kg/m3,0.0,0.0,0.0,nan,roundoff-level,
2,1e-07,0.09999999999999999,Y_CO2_max_valid_gas,mass fraction,0.0,1.08679393589272e-06,1.08679393589272e-06,nan,small-to-moderate,
2,1e-07,0.09999999999999999,Y_CO2_min_valid_gas,mass fraction,0.0,0.0,0.0,nan,roundoff-level,
3,1.5e-07,0.15,runtime_t_step_at_save,unavailable: run_time.inf time/dt are precision-limited to zero,nan,nan,nan,nan,unavailable,per-save timestep/dt unavailable from precision-limited run_time.inf
3,1.5e-07,0.15,runtime_dt_s_at_save,unavailable: run_time.inf time/dt are precision-limited to zero,nan,nan,nan,nan,unavailable,per-save timestep/dt unavailable from precision-limited run_time.inf
3,1.5e-07,0.15,valid_gas_Tmax,K,1970.0728400528474,1970.0855642379827,0.012724185135311927,6.458738416479362e-06,small,
3,1.5e-07,0.15,valid_gas_T999,K,1893.7766619752852,1893.724865894896,-0.051796080389067356,-2.7350680483643708e-05,small,
3,1.5e-07,0.15,valid_gas_T95,K,1271.1791273816143,1271.1793719971995,0.00024461558518851234,1.9243203410079084e-07,small,
3,1.5e-07,0.15,valid_gas_Tmean,K,787.2240027425078,787.2207200283877,-0.0032827141200186816,-4.169987333443161e-06,small,
3,1.5e-07,0.15,valid_gas_cell_count,cells,41047.0,41047.0,0.0,0.0,roundoff-level,
3,1.5e-07,0.15,vaporized_fuel_mass_proxy_vapor_alpha_rho_integral,kg/m-depth proxy,1.5940375149773494e-08,1.590802101484916e-08,-3.235413492433501e-11,-0.0020296972072702283,small-to-moderate,
3,1.5e-07,0.15,liquid_alpha_area,m2,7.867854819284907e-09,7.867854819284907e-09,0.0,0.0,roundoff-level,
3,1.5e-07,0.15,equivalent_diameter_m,m,0.00010008828047353331,0.00010008828047353331,0.0,0.0,roundoff-level,
3,1.5e-07,0.15,D2_m2,m2,1.0017663888148669e-08,1.0017663888148669e-08,0.0,0.0,roundoff-level,
3,1.5e-07,0.15,liquid_centroid_x,m,0.0005027270256499997,0.0005027277724057961,7.467557964135549e-10,1.4854100899947416e-06,small,
3,1.5e-07,0.15,liquid_centroid_y,m,0.00030232558139530537,0.0003023255813944557,-8.496892425768898e-16,-2.8105105716008857e-12,roundoff-level,
3,1.5e-07,0.15,liquid_streamwise_extent_m,m,9.813084112000002e-05,9.813084112000002e-05,0.0,0.0,roundoff-level,
3,1.5e-07,0.15,liquid_cross_stream_extent_m,m,9.302325581e-05,9.302325581e-05,0.0,0.0,roundoff-level,
3,1.5e-07,0.15,negative_rhoY_count,count,0.0,0.0,0.0,nan,roundoff-level,
3,1.5e-07,0.15,negative_Y_count,count,0.0,0.0,0.0,nan,roundoff-level,
3,1.5e-07,0.15,Y_above_one_count,count,0.0,0.0,0.0,nan,roundoff-level,
3,1.5e-07,0.15,sumY_violation_count,count,0.0,0.0,0.0,nan,roundoff-level,
3,1.5e-07,0.15,max_abs_sumY_minus_1,dimensionless,3.219646771412954e-14,5.806466418789569e-14,2.5868196473766147e-14,0.803448275862069,roundoff-level,
3,1.5e-07,0.15,gas_species_mass_relative_error,dimensionless,-1.518705550739823e-15,-1.6706159840693276e-15,-1.5191043332950465e-16,0.10002625805608134,roundoff-level,
3,1.5e-07,0.15,run_time_seconds_final,"s, run-level",6288.0,8581.0,2293.0,0.36466284987277353,meaningful,
3,1.5e-07,0.15,cost_seconds_per_timestep,"s/step, run-level",1.9823455233291298,2.7052332912988653,0.7228877679697354,0.36466284987277364,meaningful,
3,1.5e-07,0.15,rhoY_NC12H26_integral,kg/m-depth,8.4909843226528e-09,8.256816987464464e-09,-2.341673351883371e-10,-0.027578349728383106,meaningful,
3,1.5e-07,0.15,rhoY_NC12H26_max_valid_gas,kg/m3,14.19752899866494,14.14131720960685,-0.05621178905808932,-0.003959265662593483,small-to-moderate,
3,1.5e-07,0.15,rhoY_NC12H26_min_valid_gas,kg/m3,0.0,0.0,0.0,nan,roundoff-level,
3,1.5e-07,0.15,Y_NC12H26_max_valid_gas,mass fraction,0.7172313657702692,0.7163543523762199,-0.0008770133940493308,-0.0012227761304156907,small-to-moderate,
3,1.5e-07,0.15,Y_NC12H26_min_valid_gas,mass fraction,0.0,0.0,0.0,nan,roundoff-level,
3,1.5e-07,0.15,rhoY_O2_integral,kg/m-depth,3.2310252038680385e-07,3.2310004939765327e-07,-2.4709891505834883e-12,-7.647693826793214e-06,small,
3,1.5e-07,0.15,rhoY_O2_max_valid_gas,kg/m3,2.42194134143947,2.42195381865919,1.2477219720086197e-05,5.151743151909046e-06,small,
3,1.5e-07,0.15,rhoY_O2_min_valid_gas,kg/m3,0.16804189595702,0.16804226906547,3.7310845002469506e-07,2.2203299236764434e-06,small,
3,1.5e-07,0.15,Y_O2_max_valid_gas,mass fraction,0.23290922551716972,0.23290922552177887,4.609146397882569e-12,1.9789453971383323e-11,roundoff-level,
3,1.5e-07,0.15,Y_O2_min_valid_gas,mass fraction,0.06580336925045113,0.0658830121328874,7.964288243626771e-05,0.001210316178995982,small-to-moderate,
3,1.5e-07,0.15,rhoY_OH_integral,kg/m-depth,0.0,3.5817867655578793e-13,3.5817867655578793e-13,nan,roundoff-level,
3,1.5e-07,0.15,rhoY_OH_max_valid_gas,kg/m3,0.0,0.00056396629893,0.00056396629893,nan,small-to-moderate,
3,1.5e-07,0.15,rhoY_OH_min_valid_gas,kg/m3,0.0,0.0,0.0,nan,roundoff-level,
3,1.5e-07,0.15,Y_OH_max_valid_gas,mass fraction,0.0,9.862198957581626e-05,9.862198957581626e-05,nan,small-to-moderate,
3,1.5e-07,0.15,Y_OH_min_valid_gas,mass fraction,0.0,0.0,0.0,nan,roundoff-level,
3,1.5e-07,0.15,rhoY_HO2_integral,kg/m-depth,0.0,1.1597677383104626e-12,1.1597677383104626e-12,nan,small-to-moderate,
3,1.5e-07,0.15,rhoY_HO2_max_valid_gas,kg/m3,0.0,0.00413596751852,0.00413596751852,nan,small-to-moderate,
3,1.5e-07,0.15,rhoY_HO2_min_valid_gas,kg/m3,0.0,0.0,0.0,nan,roundoff-level,
3,1.5e-07,0.15,Y_HO2_max_valid_gas,mass fraction,0.0,0.0002643744877065479,0.0002643744877065479,nan,small-to-moderate,
3,1.5e-07,0.15,Y_HO2_min_valid_gas,mass fraction,0.0,0.0,0.0,nan,roundoff-level,
3,1.5e-07,0.15,rhoY_H2O2_integral,kg/m-depth,0.0,1.4572896900148265e-14,1.4572896900148265e-14,nan,roundoff-level,
3,1.5e-07,0.15,rhoY_H2O2_max_valid_gas,kg/m3,0.0,2.151133516e-05,2.151133516e-05,nan,small-to-moderate,
3,1.5e-07,0.15,rhoY_H2O2_min_valid_gas,kg/m3,0.0,0.0,0.0,nan,roundoff-level,
3,1.5e-07,0.15,Y_H2O2_max_valid_gas,mass fraction,0.0,1.3750224554093897e-06,1.3750224554093897e-06,nan,small-to-moderate,
3,1.5e-07,0.15,Y_H2O2_min_valid_gas,mass fraction,0.0,0.0,0.0,nan,roundoff-level,
3,1.5e-07,0.15,rhoY_H2O_integral,kg/m-depth,0.0,7.937506389712705e-13,7.937506389712705e-13,nan,roundoff-level,
3,1.5e-07,0.15,rhoY_H2O_max_valid_gas,kg/m3,0.0,0.00154089667164,0.00154089667164,nan,small-to-moderate,
3,1.5e-07,0.15,rhoY_H2O_min_valid_gas,kg/m3,0.0,0.0,0.0,nan,roundoff-level,
3,1.5e-07,0.15,Y_H2O_max_valid_gas,mass fraction,0.0,9.849539829609478e-05,9.849539829609478e-05,nan,small-to-moderate,
3,1.5e-07,0.15,Y_H2O_min_valid_gas,mass fraction,0.0,0.0,0.0,nan,roundoff-level,
3,1.5e-07,0.15,rhoY_CO_integral,kg/m-depth,0.0,7.526605821236537e-13,7.526605821236537e-13,nan,roundoff-level,
3,1.5e-07,0.15,rhoY_CO_max_valid_gas,kg/m3,0.0,0.0014043506481,0.0014043506481,nan,small-to-moderate,
3,1.5e-07,0.15,rhoY_CO_min_valid_gas,kg/m3,0.0,0.0,0.0,nan,roundoff-level,
3,1.5e-07,0.15,Y_CO_max_valid_gas,mass fraction,0.0,8.976726277484267e-05,8.976726277484267e-05,nan,small-to-moderate,
3,1.5e-07,0.15,Y_CO_min_valid_gas,mass fraction,0.0,0.0,0.0,nan,roundoff-level,
3,1.5e-07,0.15,rhoY_CO2_integral,kg/m-depth,0.0,2.799514947809676e-14,2.799514947809676e-14,nan,roundoff-level,
3,1.5e-07,0.15,rhoY_CO2_max_valid_gas,kg/m3,0.0,5.989218766e-05,5.989218766e-05,nan,small-to-moderate,
3,1.5e-07,0.15,rhoY_CO2_min_valid_gas,kg/m3,0.0,0.0,0.0,nan,roundoff-level,
3,1.5e-07,0.15,Y_CO2_max_valid_gas,mass fraction,0.0,3.828358505127826e-06,3.828358505127826e-06,nan,small-to-moderate,
3,1.5e-07,0.15,Y_CO2_min_valid_gas,mass fraction,0.0,0.0,0.0,nan,roundoff-level,
4,2e-07,0.19999999999999998,runtime_t_step_at_save,unavailable: run_time.inf time/dt are precision-limited to zero,nan,nan,nan,nan,unavailable,per-save timestep/dt unavailable from precision-limited run_time.inf
4,2e-07,0.19999999999999998,runtime_dt_s_at_save,unavailable: run_time.inf time/dt are precision-limited to zero,nan,nan,nan,nan,unavailable,per-save timestep/dt unavailable from precision-limited run_time.inf
4,2e-07,0.19999999999999998,valid_gas_Tmax,K,1914.8186289249545,1914.7806538273476,-0.03797509760693174,-1.9832216499926303e-05,small,
4,2e-07,0.19999999999999998,valid_gas_T999,K,1859.7599276139395,1859.7180893731595,-0.041838240779952685,-2.2496581498898566e-05,small,
4,2e-07,0.19999999999999998,valid_gas_T95,K,1278.176336016839,1278.1978624439394,0.02152642710029795,1.6841515911161695e-05,small,
4,2e-07,0.19999999999999998,valid_gas_Tmean,K,820.5580175238683,820.5593307144206,0.0013131905523096066,1.6003628314696329e-06,small,
4,2e-07,0.19999999999999998,valid_gas_cell_count,cells,41047.0,41047.0,0.0,0.0,roundoff-level,
4,2e-07,0.19999999999999998,vaporized_fuel_mass_proxy_vapor_alpha_rho_integral,kg/m-depth proxy,2.073361549388497e-08,2.0675217998516678e-08,-5.839749536829041e-11,-0.002816561124397902,small-to-moderate,
4,2e-07,0.19999999999999998,liquid_alpha_area,m2,7.867854819284907e-09,7.867854819284907e-09,0.0,0.0,roundoff-level,
4,2e-07,0.19999999999999998,equivalent_diameter_m,m,0.00010008828047353331,0.00010008828047353331,0.0,0.0,roundoff-level,
4,2e-07,0.19999999999999998,D2_m2,m2,1.0017663888148669e-08,1.0017663888148669e-08,0.0,0.0,roundoff-level,
4,2e-07,0.19999999999999998,liquid_centroid_x,m,0.0005030508146169126,0.0005030517748172978,9.602003852400218e-10,1.9087542596889372e-06,small,
4,2e-07,0.19999999999999998,liquid_centroid_y,m,0.0003023255813953063,0.0003023255813950498,-2.5646802390144607e-16,-8.483173098279795e-13,roundoff-level,
4,2e-07,0.19999999999999998,liquid_streamwise_extent_m,m,9.813084112000002e-05,9.813084112000002e-05,0.0,0.0,roundoff-level,
4,2e-07,0.19999999999999998,liquid_cross_stream_extent_m,m,9.302325581e-05,9.302325581e-05,0.0,0.0,roundoff-level,
4,2e-07,0.19999999999999998,negative_rhoY_count,count,0.0,0.0,0.0,nan,roundoff-level,
4,2e-07,0.19999999999999998,negative_Y_count,count,0.0,0.0,0.0,nan,roundoff-level,
4,2e-07,0.19999999999999998,Y_above_one_count,count,0.0,0.0,0.0,nan,roundoff-level,
4,2e-07,0.19999999999999998,sumY_violation_count,count,0.0,0.0,0.0,nan,roundoff-level,
4,2e-07,0.19999999999999998,max_abs_sumY_minus_1,dimensionless,4.707345624410664e-14,7.394085344003543e-14,2.6867397195928788e-14,0.5707547169811321,roundoff-level,
4,2e-07,0.19999999999999998,gas_species_mass_relative_error,dimensionless,-1.430633943052366e-15,-2.1460147318295572e-15,-7.153807887771913e-16,0.5000446076729259,roundoff-level,
4,2e-07,0.19999999999999998,run_time_seconds_final,"s, run-level",6288.0,8581.0,2293.0,0.36466284987277353,meaningful,
4,2e-07,0.19999999999999998,cost_seconds_per_timestep,"s/step, run-level",1.9823455233291298,2.7052332912988653,0.7228877679697354,0.36466284987277364,meaningful,
4,2e-07,0.19999999999999998,rhoY_NC12H26_integral,kg/m-depth,1.3276795724597155e-08,1.2993978305770415e-08,-2.828174188267396e-10,-0.021301632162855383,meaningful,
4,2e-07,0.19999999999999998,rhoY_NC12H26_max_valid_gas,kg/m3,14.8874620306362,14.72785961127911,-0.15960241935709085,-0.010720592873966874,meaningful,
4,2e-07,0.19999999999999998,rhoY_NC12H26_min_valid_gas,kg/m3,0.0,0.0,0.0,nan,roundoff-level,
4,2e-07,0.19999999999999998,Y_NC12H26_max_valid_gas,mass fraction,0.734072021142344,0.7357552794171641,0.0016832582748200764,0.0022930424077471758,small-to-moderate,
4,2e-07,0.19999999999999998,Y_NC12H26_min_valid_gas,mass fraction,0.0,0.0,0.0,nan,roundoff-level,
4,2e-07,0.19999999999999998,rhoY_O2_integral,kg/m-depth,3.4218580708273204e-07,3.4218487478490187e-07,-9.322978301706555e-13,-2.724536818516406e-06,roundoff-level,
4,2e-07,0.19999999999999998,rhoY_O2_max_valid_gas,kg/m3,2.38684982158376,2.38501591137145,-0.0018339102123099416,-0.000768339170619908,small-to-moderate,
4,2e-07,0.19999999999999998,rhoY_O2_min_valid_gas,kg/m3,0.12884878017335,0.12870995085199,-0.00013882932136000115,-0.001077459337785143,small-to-moderate,
4,2e-07,0.19999999999999998,Y_O2_max_valid_gas,mass fraction,0.23290921795843286,0.23290921795843225,-6.106226635438361e-16,-2.621719607734948e-15,roundoff-level,
4,2e-07,0.19999999999999998,Y_O2_min_valid_gas,mass fraction,0.061821570171003266,0.06141646222645698,-0.00040510794454628324,-0.006552857577472122,small-to-moderate,
4,2e-07,0.19999999999999998,rhoY_OH_integral,kg/m-depth,0.0,4.335722215080754e-13,4.335722215080754e-13,nan,roundoff-level,
4,2e-07,0.19999999999999998,rhoY_OH_max_valid_gas,kg/m3,0.0,0.00045834864544,0.00045834864544,nan,small-to-moderate,
4,2e-07,0.19999999999999998,rhoY_OH_min_valid_gas,kg/m3,0.0,0.0,0.0,nan,roundoff-level,
4,2e-07,0.19999999999999998,Y_OH_max_valid_gas,mass fraction,0.0,5.234280576599075e-05,5.234280576599075e-05,nan,small-to-moderate,
4,2e-07,0.19999999999999998,Y_OH_min_valid_gas,mass fraction,0.0,0.0,0.0,nan,roundoff-level,
4,2e-07,0.19999999999999998,rhoY_HO2_integral,kg/m-depth,0.0,1.705194719594351e-12,1.705194719594351e-12,nan,small-to-moderate,
4,2e-07,0.19999999999999998,rhoY_HO2_max_valid_gas,kg/m3,0.0,0.00409699669875,0.00409699669875,nan,small-to-moderate,
4,2e-07,0.19999999999999998,rhoY_HO2_min_valid_gas,kg/m3,0.0,0.0,0.0,nan,roundoff-level,
4,2e-07,0.19999999999999998,Y_HO2_max_valid_gas,mass fraction,0.0,0.0002615468207759056,0.0002615468207759056,nan,small-to-moderate,
4,2e-07,0.19999999999999998,Y_HO2_min_valid_gas,mass fraction,0.0,0.0,0.0,nan,roundoff-level,
4,2e-07,0.19999999999999998,rhoY_H2O2_integral,kg/m-depth,0.0,3.825116832979682e-14,3.825116832979682e-14,nan,roundoff-level,
4,2e-07,0.19999999999999998,rhoY_H2O2_max_valid_gas,kg/m3,0.0,8.425348804e-05,8.425348804e-05,nan,small-to-moderate,
4,2e-07,0.19999999999999998,rhoY_H2O2_min_valid_gas,kg/m3,0.0,0.0,0.0,nan,roundoff-level,
4,2e-07,0.19999999999999998,Y_H2O2_max_valid_gas,mass fraction,0.0,5.950764666142573e-06,5.950764666142573e-06,nan,small-to-moderate,
4,2e-07,0.19999999999999998,Y_H2O2_min_valid_gas,mass fraction,0.0,0.0,0.0,nan,roundoff-level,
4,2e-07,0.19999999999999998,rhoY_H2O_integral,kg/m-depth,0.0,1.261938007879807e-12,1.261938007879807e-12,nan,small-to-moderate,
4,2e-07,0.19999999999999998,rhoY_H2O_max_valid_gas,kg/m3,0.0,0.00338036513779,0.00338036513779,nan,small-to-moderate,
4,2e-07,0.19999999999999998,rhoY_H2O_min_valid_gas,kg/m3,0.0,0.0,0.0,nan,roundoff-level,
4,2e-07,0.19999999999999998,Y_H2O_max_valid_gas,mass fraction,0.0,0.00023875281426767914,0.00023875281426767914,nan,small-to-moderate,
4,2e-07,0.19999999999999998,Y_H2O_min_valid_gas,mass fraction,0.0,0.0,0.0,nan,roundoff-level,
4,2e-07,0.19999999999999998,rhoY_CO_integral,kg/m-depth,0.0,1.0339216065118625e-12,1.0339216065118625e-12,nan,small-to-moderate,
4,2e-07,0.19999999999999998,rhoY_CO_max_valid_gas,kg/m3,0.0,0.0025683526384,0.0025683526384,nan,small-to-moderate,
4,2e-07,0.19999999999999998,rhoY_CO_min_valid_gas,kg/m3,0.0,0.0,0.0,nan,roundoff-level,
4,2e-07,0.19999999999999998,Y_CO_max_valid_gas,mass fraction,0.0,0.00018140094204459667,0.00018140094204459667,nan,small-to-moderate,
4,2e-07,0.19999999999999998,Y_CO_min_valid_gas,mass fraction,0.0,0.0,0.0,nan,roundoff-level,
4,2e-07,0.19999999999999998,rhoY_CO2_integral,kg/m-depth,0.0,3.7003370122726246e-14,3.7003370122726246e-14,nan,roundoff-level,
4,2e-07,0.19999999999999998,rhoY_CO2_max_valid_gas,kg/m3,0.0,8.784565313e-05,8.784565313e-05,nan,small-to-moderate,
4,2e-07,0.19999999999999998,rhoY_CO2_min_valid_gas,kg/m3,0.0,0.0,0.0,nan,roundoff-level,
4,2e-07,0.19999999999999998,Y_CO2_max_valid_gas,mass fraction,0.0,6.204476750603857e-06,6.204476750603857e-06,nan,small-to-moderate,
4,2e-07,0.19999999999999998,Y_CO2_min_valid_gas,mass fraction,0.0,0.0,0.0,nan,roundoff-level,
